{
  "validity_mean": 0.9840000000000001,
  "diversity": 0.06047619107616495,
  "per_style_validity_mean": [
    0.9800000000000001,
    0.9800000000000001,
    0.9800000000000001,
    1.0,
    0.9800000000000001
  ],
  "num_samples": 50
}