{
  "loss": [
    74.30620147705078,
    45.514524688720705,
    42.56502883911133,
    41.36079879760742,
    41.08708847045899,
    40.87516494750977,
    40.848517150878905,
    40.87716247558594,
    40.82926712036133,
    40.89463912963867,
    40.95218948364258,
    40.991136627197264,
    40.92501220703125,
    40.93614852905274,
    40.63869461059571,
    40.29492294311523,
    39.15233871459961,
    37.75156997680664,
    36.94714416503906,
    36.60932708740234,
    36.26004928588867,
    36.122807006835934,
    35.92923126220703,
    35.848753967285155,
    35.72739044189453,
    35.618819885253906,
    35.601783752441406,
    35.576441040039064,
    35.33513641357422,
    35.14503860473633,
    34.907605743408205,
    34.807523040771486,
    34.46457061767578,
    34.22338134765625,
    33.92585433959961,
    33.6912126159668,
    33.599541015625,
    33.40688842773437,
    33.35004608154297,
    33.35783737182617,
    33.26332427978516,
    33.20645629882812,
    33.3039990234375,
    33.316763153076174,
    33.12542663574219,
    33.12485916137695,
    33.19454803466797,
    33.28114410400391,
    33.42335250854492,
    33.13788635253906,
    33.15979370117188,
    33.32155464172363,
    33.29135559082031,
    33.35895492553711,
    33.280792999267575,
    33.35598358154297,
    33.3315087890625,
    33.506682891845706,
    33.571902465820315,
    33.53950988769531,
    33.579054260253905,
    33.58111755371094,
    33.57785064697266,
    33.594122314453124,
    33.70755355834961,
    33.66677612304687,
    33.74940399169922,
    33.82743453979492,
    33.887761993408205,
    33.85671035766602,
    33.976478576660156,
    34.006006469726564,
    34.005185546875,
    34.06942474365234,
    34.297925872802736,
    34.0889811706543,
    34.19496353149414,
    34.167587738037106,
    34.34706161499023,
    34.40846939086914,
    34.45403366088867,
    34.47585632324219,
    34.53393768310547,
    34.47588562011719,
    34.45181045532227,
    34.82697235107422,
    34.88806838989258,
    34.74221008300781,
    34.73141143798828,
    34.80463134765625,
    34.813560791015625,
    34.913585357666015,
    34.93694534301758,
    34.918933715820316,
    35.02920883178711,
    35.13627426147461,
    35.22336242675781,
    35.315373229980466,
    35.3819287109375,
    35.36676055908203
  ],
  "recon_bce": [
    74.30620147705078,
    45.43335510253906,
    42.403406372070314,
    41.118374786376954,
    40.763857727050784,
    40.471123046875,
    40.36366912841797,
    40.31150772094727,
    40.18280181884766,
    40.16736709594726,
    40.14410690307617,
    40.10220947265625,
    39.95529449462891,
    39.883579864501954,
    39.475897216796874,
    39.019243774414065,
    37.72247985839844,
    36.27289154052735,
    35.39835266113281,
    34.97327941894531,
    34.50760208129883,
    34.25206420898437,
    33.993054428100585,
    33.83117736816406,
    33.61397232055664,
    33.38544708251953,
    33.293883056640624,
    33.17827423095703,
    32.82526809692383,
    32.54333763122558,
    32.203187713623045,
    31.966453018188478,
    31.516971740722656,
    31.183394470214843,
    30.800445556640625,
    30.512703399658204,
    30.285706024169922,
    30.05400604248047,
    29.845906066894532,
    29.75783172607422,
    29.55287292480469,
    29.39331512451172,
    29.317152862548827,
    29.19758850097656,
    28.977046813964844,
    28.86947700500488,
    28.773961715698242,
    28.75147689819336,
    28.773824462890627,
    28.483080291748045,
    28.399825668334962,
    28.395718688964845,
    28.2890380859375,
    28.212048797607423,
    28.14213722229004,
    28.021560974121094,
    27.95595916748047,
    28.032437744140626,
    27.94699768066406,
    27.831183776855468,
    27.801323165893553,
    27.717119140625,
    27.630656661987306,
    27.569265899658202,
    27.552286529541014,
    27.45048828125,
    27.379734878540038,
    27.35724464416504,
    27.33524513244629,
    27.253424606323243,
    27.19150405883789,
    27.132588348388673,
    27.067723693847658,
    27.053238525390626,
    27.06994468688965,
    26.881262054443358,
    26.84181411743164,
    26.729530105590822,
    26.756206741333006,
    26.679561691284178,
    26.673441925048827,
    26.578144073486328,
    26.62074508666992,
    26.41327163696289,
    26.281895446777344,
    26.547157135009765,
    26.46090431213379,
    26.3686848449707,
    26.221786346435547,
    26.169736328125,
    26.048575820922853,
    26.07207534790039,
    25.94090042114258,
    25.90962417602539,
    25.85491958618164,
    25.877509307861327,
    25.904496154785157,
    25.89348274230957,
    25.88571792602539,
    25.71000862121582
  ],
  "kl_low": [
    2.6989062643051147,
    0.7565005993843079,
    0.39585517048835756,
    0.35434831738471984,
    0.33693227887153626,
    0.32847980976104735,
    0.33015727519989013,
    0.31593640804290773,
    0.3045785355567932,
    0.30418828725814817,
    0.29740718722343445,
    0.31171586632728576,
    0.4725079131126404,
    1.1117367219924927,
    2.420294551849365,
    3.295650825500488,
    4.447495002746582,
    4.175112266540527,
    4.059092464447022,
    4.11359395980835,
    4.55585018157959,
    4.657112655639648,
    4.422253484725952,
    4.635750598907471,
    4.558993721008301,
    4.921100654602051,
    4.66815824508667,
    4.8369864654541015,
    4.758284969329834,
    4.981487598419189,
    5.021891002655029,
    5.164155616760254,
    5.327430419921875,
    5.569180374145508,
    5.611429843902588,
    5.665689964294433,
    5.835991897583008,
    5.700813121795655,
    5.956551017761231,
    5.856169052124024,
    5.973952980041504,
    5.926803283691406,
    6.340843944549561,
    6.355739936828614,
    6.210890998840332,
    6.253742809295654,
    6.48564754486084,
    6.460470180511475,
    6.539085693359375,
    6.317867984771729,
    6.417475051879883,
    6.511198310852051,
    6.55168815612793,
    6.69789566040039,
    6.371060676574707,
    6.6982421875,
    6.572478904724121,
    6.558876113891602,
    6.616526756286621,
    6.585121040344238,
    6.617981548309326,
    6.595292549133301,
    6.582856903076172,
    6.528599872589111,
    6.5812434959411625,
    6.468383388519287,
    6.666401443481445,
    6.742030754089355,
    6.5635755920410155,
    6.558259620666504,
    6.747163887023926,
    6.790974941253662,
    6.677909317016602,
    6.642229804992676,
    6.865025520324707,
    6.658902893066406,
    6.770611171722412,
    6.717627410888672,
    6.8192438125610355,
    6.899330520629883,
    6.812180557250977,
    6.822704830169678,
    6.735667819976807,
    6.779669990539551,
    6.845094985961914,
    6.848569297790528,
    6.869499187469483,
    6.715368003845215,
    6.757669258117676,
    6.762998714447021,
    6.9145016098022465,
    6.870456047058106,
    6.927274436950683,
    6.81766845703125,
    6.914409675598145,
    6.932037525177002,
    6.807319297790527,
    6.903619499206543,
    6.777852039337159,
    6.837860565185547
  ],