{
  "vanilla": {
    "n_unique": 17,
    "coverage": 0.6538461538461539,
    "missing": [
      0,
      1,
      6,
      12,
      13,
      16,
      17,
      21,
      22
    ],
    "counts": {
      "8": 146,
      "5": 171,
      "3": 41,
      "9": 410,
      "19": 57,
      "18": 92,
      "11": 32,
      "2": 24,
      "14": 7,
      "24": 4,
      "7": 5,
      "15": 4,
      "20": 1,
      "10": 2,
      "4": 1,
      "23": 2,
      "25": 1
    },
    "n_samples": 1000
  },
  "fixed": {
    "n_unique": 20,
    "coverage": 0.7692307692307693,
    "missing": [
      1,
      6,
      13,
      16,
      22,
      25
    ],
    "counts": {
      "9": 497,
      "5": 153,
      "18": 111,
      "19": 50,
      "14": 6,
      "8": 101,
      "10": 2,
      "3": 29,
      "24": 3,
      "11": 12,
      "15": 4,
      "2": 22,
      "21": 2,
      "7": 2,
      "12": 1,
      "20": 1,
      "4": 1,
      "0": 1,
      "17": 1,
      "23": 1
    },
    "n_samples": 1000
  }
}