{
  "kl_high_dim_mean": [
    0.4610774517059326,
    0.4583139419555664,
    0.453395277261734,
    0.4564346671104431
  ],
  "kl_low_dim_mean": [
    0.715369701385498,
    0.9602388143539429,
    1.1294431686401367,
    0.7799952030181885,
    0.7184363603591919,
    0.9937851428985596,
    0.9258882403373718,
    0.9223010540008545,
    0.8426588177680969,
    0.8345757126808167,
    0.9560269117355347,
    0.7910870909690857
  ],
  "collapsed_high_indices": [],
  "collapsed_low_indices": [],
  "thresholds": {
    "high": 0.02,
    "low": 0.02
  },
  "num_samples": 200
}