{
  "validity_mean": 0.992,
  "diversity": 0.07493197279431078,
  "per_style_validity_mean": [
    1.0,
    1.0,
    1.0,
    0.9800000000000001,
    0.9800000000000001
  ],
  "num_samples": 50
}