{
  "kl_high_dim_mean": [
    0.5087845325469971,
    0.567065417766571,
    0.4685252010822296,
    0.4714735150337219
  ],
  "kl_low_dim_mean": [
    1.1718618869781494,
    1.1219699382781982,
    0.8009147644042969,
    0.7495808601379395,
    0.7478247880935669,
    1.3752609491348267,
    0.7671772837638855,
    0.7156171202659607,
    0.8628413677215576,
    0.7789945006370544,
    0.744464635848999,
    0.7928707599639893
  ],
  "collapsed_high_indices": [],
  "collapsed_low_indices": [],
  "thresholds": {
    "high": 0.02,
    "low": 0.02
  },
  "num_samples": 200
}