{
  "loss": [
    74.59220916748046,
    46.103479614257814,
    44.22970886230469,
    43.53740829467773,
    43.71283432006836,
    44.10927947998047,
    44.65914489746094,
    45.36662719726562,
    45.981139221191405,
    46.72903778076172,
    47.35441116333008,
    48.0659521484375,
    48.031618957519534,
    48.011462707519534,
    47.96379745483399,
    47.921565551757816,
    47.919124908447266,
    47.83766632080078,
    47.718968811035154,
    47.58090927124024,
    47.27919998168945,
    46.37269012451172,
    44.88517822265625,
    43.87905609130859,
    43.492788848876955,
    34.91273864746094,
    35.41758972167969,
    35.71998886108398,
    36.274977111816405,
    36.73177688598633,
    37.33197677612305,
    37.84519775390625,
    38.4402961730957,
    38.987656860351564,
    39.564985809326174,
    40.115263061523436,
    40.6852685546875,
    40.70804458618164,
    40.35100341796875,
    40.3872265625,
    40.11716537475586,
    40.1376383972168,
    39.85807586669922,
    39.78949295043945,
    40.01058471679688,
    39.9666552734375,
    39.63242645263672,
    39.3777783203125,
    39.30727249145508,
    39.214122467041015,
    30.730177764892577,
    31.459236755371094,
    31.983131561279297,
    32.67538772583008,
    33.45582366943359,
    34.23563049316406,
    34.989596099853514,
    35.5889175415039,
    36.36410415649414,
    37.076761627197264,
    37.84568862915039,
    38.65862930297852,
    38.537139434814456,
    38.72637603759765,
    38.478436584472654,
    38.44348114013672,
    38.43409942626953,
    38.346540985107424,
    38.43913375854492,
    38.34115234375,
    38.36207305908203,
    38.43993743896485,
    38.43350128173828,
    38.223169555664064,
    38.116757507324216,
    29.356903686523438,
    30.270336303710938,
    30.733025436401366,
    31.528884887695312,
    32.29683746337891,
    33.05984603881836,
    33.74326400756836,
    34.651058959960935,
    35.40920150756836,
    36.32349502563476,
    36.86773193359375,
    37.709725341796876,
    37.71087646484375,
    37.52028915405273,
    37.6657389831543,
    37.49323089599609,
    37.53131423950195,
    37.460142822265624,
    37.599950256347654,
    37.3875129699707,
    37.5004801940918,
    37.399622497558596,
    37.40157363891601,
    37.58446746826172,
    37.35092956542969
  ],
  "recon_bce": [
    74.59220916748046,
    45.37471862792969,
    42.77516479492188,
    41.35558837890625,
    40.80374237060547,
    40.472915496826175,
    40.29550888061524,
    40.27571914672851,
    40.16295715332031,
    40.183581848144534,
    40.08168319702148,
    40.065724487304685,
    40.03156951904297,
    40.01103485107422,
    39.96317153930664,
    39.920770263671876,
    39.91776885986328,
    39.836546173095705,
    39.71618804931641,
    39.57134094238281,
    39.2528254699707,
    38.27439178466797,
    36.779843444824216,
    35.79994323730469,
    35.391613159179684,
    34.91273864746094,
    34.58127258300781,
    34.124288635253905,
    33.93361373901367,
    33.64259414672851,
    33.475127716064456,
    33.27622619628906,
    33.095717163085936,
    32.90855209350586,
    32.758745727539065,
    32.58622482299805,
    32.4006282043457,
    32.41069931030273,
    32.098769989013675,
    31.98656379699707,
    31.76858184814453,
    31.839350814819337,
    31.564622650146486,
    31.533265075683595,
    31.739745712280275,
    31.582289581298827,
    31.358702774047853,
    31.16866844177246,
    31.03416458129883,
    30.948425750732422,
    30.730177764892577,
    30.363473739624023,
    30.328390426635742,
    30.228829040527344,
    30.24712631225586,
    30.30125183105469,
    30.31032012939453,
    30.155314102172852,
    30.222281494140624,
    30.2097998046875,
    30.19225036621094,
    30.264771575927735,
    30.21502853393555,
    30.32836067199707,
    30.093082580566406,
    30.093204193115234,
    30.06307586669922,
    30.045099182128908,
    30.052984313964842,
    29.959535064697267,
    29.979295806884764,
    30.041629486083984,
    30.018692245483397,
    29.848192901611327,
    29.763738403320314,
    29.356903686523438,
    28.843038940429686,
    28.968990631103516,
    28.82048385620117,
    28.921521911621095,
    28.897734985351562,
    28.80479042053223,
    28.948552322387695,
    28.952347869873048,
    29.095743865966796,
    29.021251373291015,
    29.079616775512694,
    29.075401535034178,
    28.919054412841795,
    28.984956130981445,
    28.891215438842774,
    28.87038635253906,
    28.77940185546875,
    28.901318817138673,
    28.78302635192871,
    28.77000946044922,
    28.74413146972656,
    28.751461486816407,
    28.794990310668947,
    28.656922760009767
  ],
  "kl_low": [
    3.5031281471252442,
    0.7733833217620849,
    0.29146002531051635,
    0.2863999003171921,
    0.2861639642715454,
    0.2783689844608307,
    0.27019135892391205,
    0.2602794659137726,
    0.2529419052600861,
    0.24504198074340822,
    0.235968097448349,
    0.22934199631214142,
    0.22113344132900237,
    0.2141246998310089,
    0.2176550817489624,
    0.23637308716773986,
    0.3322818350791931,
    0.5208688843250274,
    0.70980801820755,
    0.9999166440963745,
    1.4020265913009644,
    2.339417562484741,
    3.0866442489624024,
    3.540971374511719,
    3.7923864364624023,
    4.7743017196655275,
    6.049055786132812,
    4.959473114013672,
    4.692402114868164,
    4.843053207397461,
    4.4245445442199705,
    4.250417852401734,
    4.582818431854248,
    4.401591033935547,
    4.521909904479981,
    4.241122875213623,
    4.333380012512207,
    4.504401226043701,
    4.321627388000488,
    4.550676155090332,
    4.32346025466919,
    4.526697139739991,
    4.481693305969238,
    4.484150047302246,
    4.283668937683106,
    4.53611644744873,
    4.448535327911377,
    4.449578475952149,
    4.508099308013916,
    4.60205924987793,
    5.870377426147461,
    9.715521602630615,
    5.264652309417724,
    5.498907299041748,
    5.457503623962403,
    5.1961040115356445,
    5.039835033416748,
    5.1378997039794925,
    4.880682048797607,
    4.892230968475342,
    4.835089931488037,
    4.82483829498291,
    4.777719345092773,
    4.89006477355957,
    4.877939033508301,
    4.816345825195312,
    4.91345703125,
    4.819809074401856,
    5.014348621368408,
    4.949088344573974,
    5.015891628265381,
    5.078807678222656,
    5.002475261688232,
    4.938457775115967,
    4.918218936920166,
    8.935672187805176,
    13.611271514892579,
    6.6136821937561034,
    7.273530311584473,
    6.456645088195801,
    6.373521842956543,
    6.127163372039795,
    6.086963119506836,
    5.8762603187561036,
    5.861702766418457,
    5.365778274536133,
    5.547265586853027,
    5.5249158477783205,
    5.516208629608155,
    5.599566669464111,
    5.548223342895508,
    5.565323448181152,
    5.624155025482178,
    5.637699909210205,
    5.535302658081054,
    5.793285026550293,
    5.541533050537109,
    5.624741897583008,
    5.803779277801514,
    5.6393592643737795
  ],