{
  "kl_high_dim_mean": [
    5.2080751629546285e-05,
    0.00011716693552443758,
    0.00011733889550669119,
    0.00019108771812170744
  ],
  "kl_low_dim_mean": [
    7.784407138824463,
    0.17923574149608612,
    0.24105359613895416,
    0.2070724368095398,
    0.18291983008384705,
    0.21875113248825073,
    0.19440332055091858,
    0.2278272658586502,
    0.18963389098644257,
    0.1868787407875061,
    0.19626672565937042,
    0.22179092466831207
  ],
  "collapsed_high_indices": [
    0,
    1,
    2,
    3
  ],
  "collapsed_low_indices": [],
  "thresholds": {
    "high": 0.02,
    "low": 0.02
  },
  "num_samples": 200
}