{
  "sweep_vals": [
    -2.0,
    0.0,
    2.0
  ],
  "dims": [
    {
      "dim": 0,
      "mean_activation_per_instrument": [
        [
          0.15714606642723083,
          0.1682148575782776,
          0.38974279165267944,
          0.03667725250124931,
          0.041090402752161026,
          0.045010749250650406,
          0.03719349205493927,
          0.050354160368442535,
          0.06531712412834167
        ],
        [
          0.1529279202222824,
          0.165277361869812,
          0.38541582226753235,
          0.033481474965810776,
          0.03661302104592323,
          0.04158173128962517,
          0.03420780971646309,
          0.04732314869761467,
          0.06151768937706947
        ],
        [
          0.15786544978618622,
          0.16887354850769043,
          0.38709500432014465,
          0.037704672664403915,
          0.04144858196377754,
          0.046064794063568115,
          0.03820304572582245,
          0.05205346271395683,
          0.06638014316558838
        ]
      ]
    },
    {
      "dim": 1,
      "mean_activation_per_instrument": [
        [
          0.15634019672870636,
          0.16733545064926147,
          0.3886142671108246,
          0.035947736352682114,
          0.03962722793221474,
          0.04407855495810509,
          0.036458782851696014,
          0.049875978380441666,
          0.06416881084442139
        ],
        [
          0.1529279202222824,
          0.165277361869812,
          0.38541582226753235,
          0.033481474965810776,
          0.03661302104592323,
          0.04158173128962517,
          0.03420780971646309,
          0.04732314869761467,
          0.06151768937706947
        ],
        [
          0.1564994901418686,
          0.16833975911140442,
          0.38608208298683167,
          0.03676868975162506,
          0.04067421704530716,
          0.04522457718849182,
          0.03741922974586487,
          0.050824932754039764,
          0.06561653316020966
        ]
      ]
    },
    {
      "dim": 2,
      "mean_activation_per_instrument": [
        [
          0.15837474167346954,
          0.1695840060710907,
          0.38885238766670227,
          0.03806402161717415,
          0.042283352464437485,
          0.046458758413791656,
          0.038596849888563156,
          0.0519600510597229,
          0.0665425956249237
        ],
        [
          0.1529279202222824,
          0.165277361869812,
          0.38541582226753235,
          0.033481474965810776,
          0.03661302104592323,
          0.04158173128962517,
          0.03420780971646309,
          0.04732314869761467,
          0.06151768937706947
        ],
        [
          0.1556064635515213,
          0.1678120344877243,
          0.38429057598114014,
          0.036413878202438354,
          0.03984825313091278,
          0.04471150040626526,
          0.037014469504356384,
          0.05071917921304703,
          0.06474174559116364
        ]
      ]
    },
    {
      "dim": 3,
      "mean_activation_per_instrument": [
        [
          0.15466928482055664,
          0.1665620058774948,
          0.3864356577396393,
          0.0348518081009388,
          0.03844583407044411,
          0.0433761402964592,
          0.03564545512199402,
          0.04935047775506973,
          0.06303617358207703
        ],
        [
          0.1529279202222824,
          0.165277361869812,
          0.38541582226753235,
          0.033481474965810776,
          0.03661302104592323,
          0.04158173128962517,
          0.03420780971646309,
          0.04732314869761467,
          0.06151768937706947
        ],
        [
          0.15745089948177338,
          0.16858109831809998,
          0.38778963685035706,
          0.03727814927697182,
          0.041122496128082275,
          0.0453428290784359,
          0.03769862279295921,
          0.05078046768903732,
          0.06603837013244629
        ]
      ]
    }
  ]
}