{
  "classes": [
    0,
    1,
    2,
    3,
    4
  ],
  "Sw_high_trace": 4.003774422782312,
  "Sw_low_trace": 5.128600390788138,
  "Sb_high_trace": 0.11986523903534589,
  "fisher_ratio_high": 0.02993806003487301,
  "fisher_like_low": 2.518595079466765,
  "silhouette_high": -0.0566563606262207,
  "kl_high_dim_mean": [
    5.3245126764522865e-05,
    0.00012099951709387824,
    0.000125240083434619,
    0.0002051517367362976
  ],
  "kl_low_dim_mean": [
    7.784407138824463,
    0.17923574149608612,
    0.24105359613895416,
    0.2070724368095398,
    0.18291983008384705,
    0.21875113248825073,
    0.19440332055091858,
    0.2278272658586502,
    0.18963389098644257,
    0.1868787407875061,
    0.19626672565937042,
    0.22179092466831207
  ]
}