{
  "sweep_vals": [
    -2.0,
    0.0,
    2.0
  ],
  "dims": [
    {
      "dim": 0,
      "mean_activation_per_instrument": [
        [
          0.37339717149734497,
          0.18971075117588043,
          0.5171223878860474,
          0.0703534185886383,
          0.129452645778656,
          0.059225600212812424,
          0.0771491527557373,
          0.05925944074988365,
          0.061120398342609406
        ],
        [
          0.1689111441373825,
          0.1511463075876236,
          0.44430506229400635,
          0.0427251011133194,
          0.051901962608098984,
          0.04694337025284767,
          0.03890823572874069,
          0.03942472115159035,
          0.05900958552956581
        ],
        [
          0.23516875505447388,
          0.16213487088680267,
          0.25418615341186523,
          0.06210918724536896,
          0.04248472675681114,
          0.07787956297397614,
          0.06456321477890015,
          0.10407628864049911,
          0.13939279317855835
        ]
      ]
    },
    {
      "dim": 1,
      "mean_activation_per_instrument": [
        [
          0.23965156078338623,
          0.16460241377353668,
          0.26479366421699524,
          0.06463398784399033,
          0.04584481567144394,
          0.07777506113052368,
          0.06461791694164276,
          0.08531954139471054,
          0.13853465020656586
        ],
        [
          0.1689111441373825,
          0.1511463075876236,
          0.44430506229400635,
          0.0427251011133194,
          0.051901962608098984,
          0.04694337025284767,
          0.03890823572874069,
          0.03942472115159035,
          0.05900958552956581
        ],
        [
          0.37560704350471497,
          0.1946406364440918,
          0.5197659730911255,
          0.07925622165203094,
          0.13795016705989838,
          0.06635753810405731,
          0.08559906482696533,
          0.06742338836193085,
          0.06872259825468063
        ]
      ]
    },
    {
      "dim": 2,
      "mean_activation_per_instrument": [
        [
          0.22954638302326202,
          0.16743826866149902,
          0.2605287432670593,
          0.06850019842386246,
          0.04792828857898712,
          0.08310692012310028,
          0.06978335976600647,
          0.09906511753797531,
          0.1375504732131958
        ],
        [
          0.1689111441373825,
          0.1511463075876236,
          0.44430506229400635,
          0.0427251011133194,
          0.051901962608098984,
          0.04694337025284767,
          0.03890823572874069,
          0.03942472115159035,
          0.05900958552956581
        ],
        [
          0.3983556628227234,
          0.20363005995750427,
          0.5188088417053223,
          0.07200036942958832,
          0.11187978088855743,
          0.06357409805059433,
          0.08486837148666382,
          0.0635787695646286,
          0.0639314129948616
        ]
      ]
    },
    {
      "dim": 3,
      "mean_activation_per_instrument": [
        [
          0.2384568750858307,
          0.16567812860012054,
          0.25681498646736145,
          0.06600885838270187,
          0.04551386088132858,
          0.08138932287693024,
          0.06771399825811386,
          0.09610980749130249,
          0.14608125388622284
        ],
        [
          0.1689111441373825,
          0.1511463075876236,
          0.44430506229400635,
          0.0427251011133194,
          0.051901962608098984,
          0.04694337025284767,
          0.03890823572874069,
          0.03942472115159035,
          0.05900958552956581
        ],
        [
          0.35500261187553406,
          0.1838524043560028,
          0.5197058320045471,
          0.07445744425058365,
          0.15947119891643524,
          0.05907529592514038,
          0.07623043656349182,
          0.058959972113370895,
          0.06230068951845169
        ]
      ]
    }
  ]
}