{
  "classes": [
    0,
    1,
    2,
    3,
    4
  ],
  "Sw_high_trace": 1.4007962916313095,
  "Sw_low_trace": 8.673708526145607,
  "Sb_high_trace": 1.9634369122417898,
  "fisher_ratio_high": 1.4016577028164834,
  "fisher_like_low": 1.513705844073312,
  "silhouette_high": 1.9903778593288735e-05,
  "kl_high_dim_mean": [
    0.459166944026947,
    0.4569958746433258,
    0.4507209360599518,
    0.4551830589771271
  ],
  "kl_low_dim_mean": [
    0.715369701385498,
    0.9602388143539429,
    1.1294431686401367,
    0.7799952030181885,
    0.7184363603591919,
    0.9937851428985596,
    0.9258882403373718,
    0.9223010540008545,
    0.8426588177680969,
    0.8345757126808167,
    0.9560269117355347,
    0.7910870909690857
  ]
}