{
  "sweep_vals": [
    -2.0,
    0.0,
    2.0
  ],
  "dims": [
    {
      "dim": 0,
      "mean_activation_per_instrument": [
        [
          0.14054638147354126,
          0.16601714491844177,
          0.0382201224565506,
          0.05751098319888115,
          0.035641998052597046,
          0.05242627486586571,
          0.08784332126379013,
          0.37924548983573914,
          0.056453946977853775
        ],
        [
          0.14951354265213013,
          0.15827195346355438,
          0.4496791660785675,
          0.03573698550462723,
          0.03205420821905136,
          0.04221055284142494,
          0.07251682877540588,
          0.04641091451048851,
          0.06256948411464691
        ],
        [
          0.44731444120407104,
          0.22805432975292206,
          0.5340163111686707,
          0.05400419235229492,
          0.08029407262802124,
          0.061530910432338715,
          0.12372849136590958,
          0.06812086701393127,
          0.05555006116628647
        ]
      ]
    },
    {
      "dim": 1,
      "mean_activation_per_instrument": [
        [
          0.14982938766479492,
          0.15761351585388184,
          0.4340950846672058,
          0.04101196676492691,
          0.03394394367933273,
          0.045460812747478485,
          0.06439581513404846,
          0.048213642090559006,
          0.0824725478887558
        ],
        [
          0.14951354265213013,
          0.15827195346355438,
          0.4496791660785675,
          0.03573698550462723,
          0.03205420821905136,
          0.04221055284142494,
          0.07251682877540588,
          0.04641091451048851,
          0.06256948411464691
        ],
        [
          0.29642969369888306,
          0.18445776402950287,
          0.3223996162414551,
          0.059885408729314804,
          0.08605300635099411,
          0.05984683707356453,
          0.11791408061981201,
          0.08102919906377792,
          0.10154055804014206
        ]
      ]
    },
    {
      "dim": 2,
      "mean_activation_per_instrument": [
        [
          0.16764624416828156,
          0.16729718446731567,
          0.11901380866765976,
          0.05653548240661621,
          0.03696390613913536,
          0.06160657852888107,
          0.08466856926679611,
          0.29217639565467834,
          0.12054194509983063
        ],
        [
          0.14951354265213013,
          0.15827195346355438,
          0.4496791660785675,
          0.03573698550462723,
          0.03205420821905136,
          0.04221055284142494,
          0.07251682877540588,
          0.04641091451048851,
          0.06256948411464691
        ],
        [
          0.3289144039154053,
          0.17675624787807465,
          0.5250692963600159,
          0.05861346796154976,
          0.2055208832025528,
          0.050360314548015594,
          0.09214125573635101,
          0.05824063718318939,
          0.05776475369930267
        ]
      ]
    },
    {
      "dim": 3,
      "mean_activation_per_instrument": [
        [
          0.3266777992248535,
          0.17695780098438263,
          0.5259231328964233,
          0.05636432021856308,
          0.17135079205036163,
          0.0496685616672039,
          0.09495549649000168,
          0.06094257906079292,
          0.05462928116321564
        ],
        [
          0.14951354265213013,
          0.15827195346355438,
          0.4496791660785675,
          0.03573698550462723,
          0.03205420821905136,
          0.04221055284142494,
          0.07251682877540588,
          0.04641091451048851,
          0.06256948411464691
        ],
        [
          0.2077140510082245,
          0.17019017040729523,
          0.20953209698200226,
          0.05468970909714699,
          0.032417625188827515,
          0.061715416610240936,
          0.08041409403085709,
          0.13618360459804535,
          0.14996011555194855
        ]
      ]
    }
  ]
}