{
  "classes": [
    0,
    1,
    2,
    3,
    4
  ],
  "Sw_high_trace": 1.4819041194803924,
  "Sw_low_trace": 7.787207050569296,
  "Sb_high_trace": 2.606541521296657,
  "fisher_ratio_high": 1.7589137428206907,
  "fisher_like_low": 1.2634992901027011,
  "silhouette_high": 0.20129524171352386,
  "kl_high_dim_mean": [
    0.5055424571037292,
    0.5500860810279846,
    0.46457013487815857,
    0.4679253399372101
  ],
  "kl_low_dim_mean": [
    1.1718618869781494,
    1.1219699382781982,
    0.8009147644042969,
    0.7495808601379395,
    0.7478247880935669,
    1.3752609491348267,
    0.7671772837638855,
    0.7156171202659607,
    0.8628413677215576,
    0.7789945006370544,
    0.744464635848999,
    0.7928707599639893
  ]
}