{
  "loss": [
    74.99487442016601,
    45.60183319091797,
    42.866357421875,
    41.54346374511719,
    40.776280059814454,
    40.61800720214844,
    40.38651611328125,
    40.31049270629883,
    40.28021347045898,
    40.13884536743164,
    40.08920181274414,
    40.11972747802734,
    40.02793960571289,
    39.93834686279297,
    40.001090087890624,
    39.984075927734374,
    39.90096374511719,
    39.9182878112793,
    39.86739608764648,
    39.89513534545898,
    39.81144515991211,
    39.8405729675293,
    39.84208343505859,
    39.90710601806641,
    39.830026397705076,
    39.78334381103516,
    39.77599838256836,
    39.689900665283204,
    39.740028839111325,
    39.756072998046875,
    39.788098907470705,
    39.81650085449219,
    39.75241226196289,
    39.70274780273437,
    39.640531616210936,
    39.24142593383789,
    38.273523559570314,
    37.287214813232424,
    36.58950836181641,
    36.38239242553711,
    36.06028106689453,
    36.03119842529297,
    35.69827621459961,
    35.52098846435547,
    35.5275308227539,
    35.419695739746096,
    35.40815551757812,
    35.3163996887207,
    35.10091125488281,
    34.99444046020508,
    33.18305694580078,
    32.940137481689455,
    32.713035125732425,
    32.62759231567383,
    32.49484024047852,
    32.669948959350585,
    32.70998794555664,
    32.53357070922851,
    32.7216081237793,
    32.8738444519043,
    32.99344696044922,
    33.212783660888675,
    33.099335174560544,
    33.01515625,
    32.999385833740234,
    32.95912086486816,
    32.99613479614258,
    33.214678649902346,
    32.798850021362306,
    32.747081451416015,
    32.89421112060547,
    32.6521208190918,
    32.60208923339844,
    32.532288513183595,
    32.642763671875,
    30.236038208007812,
    30.372055587768553,
    30.563442001342775,
    30.79188934326172,
    30.96300552368164,
    31.233606109619142,
    31.443373336791993,
    31.61659965515137,
    31.881990661621092,
    32.07219787597656,
    32.18767318725586,
    32.67019111633301,
    32.59155693054199,
    32.49216918945312,
    32.50937225341797,
    32.40962127685547,
    32.45862533569336,
    32.403467407226564,
    32.40663162231445,
    32.30342041015625,
    32.27289260864258,
    32.35790702819824,
    32.31456314086914,
    32.253421020507815,
    32.203702697753904
  ],
  "recon_bce": [
    74.99487442016601,
    45.536893920898436,
    42.83280487060547,
    41.521580657958985,
    40.75808349609375,
    40.60177261352539,
    40.37064025878906,
    40.29456268310547,
    40.26233062744141,
    40.11795349121094,
    40.06337799072266,
    40.08712265014648,
    39.99362457275391,
    39.897071838378906,
    39.942913665771485,
    39.918785095214844,
    39.84840698242188,
    39.8708740234375,
    39.8280451965332,
    39.85154647827149,
    39.767093353271484,
    39.798341522216795,
    39.79712966918945,
    39.85899932861328,
    39.786470336914064,
    39.78334381103516,
    39.7530598449707,
    39.60489318847656,
    39.58856781005859,
    39.59275817871094,
    39.634439849853514,
    39.619634857177736,
    39.507032775878905,
    39.47008010864258,
    39.27559967041016,
    38.629695129394534,
    37.33389251708984,
    36.17839767456055,
    35.54651245117188,
    35.33705001831055,
    34.98984741210938,
    34.842906341552734,
    34.44056198120117,
    34.27947525024414,
    34.16394104003906,
    34.17869750976563,
    33.99752380371094,
    33.88245513916016,
    33.59802276611328,
    33.57305145263672,
    33.18305694580078,
    32.554969482421875,
    32.14474922180176,
    31.890810394287108,
    31.624805068969728,
    31.551770477294923,
    31.433387298583984,
    31.144215240478516,
    31.159409637451173,
    31.089815979003905,
    31.19226837158203,
    31.06100517272949,
    31.116710052490234,
    30.880373229980467,
    30.93794967651367,
    30.768774795532227,
    31.061692810058595,
    30.999830474853514,
    30.798151550292967,
    30.70858200073242,
    30.87360565185547,
    30.451722106933595,
    30.590332489013672,
    30.52299346923828,
    30.58414337158203,
    30.236038208007812,
    30.04867576599121,
    29.967583465576173,
    30.031952514648438,
    30.0545671081543,
    30.11022674560547,
    30.139638748168945,
    30.166406402587892,
    30.241313400268556,
    30.172227325439454,
    30.26832565307617,
    30.544923629760742,
    30.410577087402345,
    30.318672943115235,
    30.412164993286133,
    30.294871673583984,
    30.361803436279295,
    30.342704467773437,
    30.310785064697267,
    30.2268928527832,
    30.25041976928711,
    30.29125503540039,
    30.154015045166016,
    30.188007202148437,
    30.197052154541016
  ],
  "kl_low": [
    3.4056368923187255,
    0.5934201562404633,
    0.12908149063587188,
    0.04380225352942944,
    0.021080353185534476,
    0.01103774443268776,
    0.009015525430440903,
    0.008971998766064644,
    0.009695493802428245,
    0.012614197582006454,
    0.019717491269111632,
    0.026111786365509034,
    0.028990736305713652,
    0.036786962449550625,
    0.05439855396747589,
    0.06131318479776383,
    0.0488781213760376,
    0.044357959926128385,
    0.036641491055488584,
    0.0412491150200367,
    0.04238830953836441,
    0.04054511666297913,
    0.04352972432971001,
    0.0467474114894867,
    0.042204725593328475,
    0.0644434779882431,
    0.25106178998947143,
    0.4657094883918762,
    0.552427532672882,
    0.4457135009765625,
    0.33531840801239016,
    0.3586403238773346,
    0.3838158369064331,
    0.31844497203826905,
    0.44458152294158937,
    0.6715555214881896,
    0.9384832286834717,
    1.1077747249603271,
    1.0419938564300537,
    1.0441908478736877,
    1.0692719173431398,
    1.187190432548523,
    1.256667833328247,
    1.2403111886978149,
    1.3622292613983153,
    1.2399221992492675,
    1.4096046113967895,
    1.4330499172210693,
    1.5019279432296753,
    1.4202920055389405,
    2.334207878112793,
    4.235249052047729,
    3.123474369049072,
    2.6990699005126952,
    2.3895844268798827,
    2.457167177200317,
    2.338314371109009,
    2.181640348434448,
    2.146654682159424,
    2.1792042446136475,
    1.9801510429382325,
    2.15073579788208,
    1.981703414916992,
    2.134070568084717,
    2.0608669471740724,
    2.1897322845458986,
    1.933707504272461,
    2.214186878204346,
    1.9999291515350341,
    2.0377388906478884,
    2.019937334060669,
    2.199650077819824,
    2.0109064769744873,
    2.0085738563537596,
    2.0579807949066162,
    2.5021781730651855,
    3.5564674282073976,
    3.2759650802612303,
    2.7851467323303223,
    2.4970084190368653,
    2.4701523971557617,
    2.3888497734069825,
    2.2777452659606934,
    2.254834671020508,
    2.3212495613098145,
    2.110544605255127,
    2.1246483230590822,
    2.1804341793060305,
    2.1728754234313965,
    2.096539268493652,
    2.11415885925293,
    2.0963118743896483,
    2.0602710342407224,
    2.0952762031555174,
    2.0760049533843996,
    2.0218489360809326,
    2.0662217330932617,
    2.1600540542602538,
    2.0648348045349123,
    2.0061368846893313
  ],